1997,1998,1999,2000,2001,2002,2003,2004,2005,2006,2007,2008,2009,2010,2011,2012,2013,2014,2015,2016,2017,2018,2019,2020,2021,2022
4853,4457,3083,3580,3134,2698,2307,2881,2451,2245,2059,3655,4643,4320,3679,4059,4395,4890,4801,6736,0,0,0,0,0,0
728,407,251,160,76,361,201,206,276,212,148,305,967,933,1101,981,1210,1787,820,1134,0,0,0,0,0,0
14,29,2,0,1,0,122,59,54,5,11,2,85,71,30,53,11,52,13,202,0,0,0,0,0,0
4,0,2,0,1,0,19,10,0,0,4,0,4,31,0,46,7,8,2,5,0,0,0,0,0,0
0,0,0,0,0,0,0,2,0,0,0,2,67,39,30,2,2,0,1,8,0,0,0,0,0,0
10,29,0,0,0,0,103,47,54,5,7,0,14,1,0,5,2,44,10,189,0,0,0,0,0,0
92,121,115,84,23,45,20,49,165,15,11,25,49,7,94,103,17,111,71,129,0,0,0,0,0,0
3,0,0,2,0,5,2,2,4,0,6,0,2,0,4,42,4,12,5,6,0,0,0,0,0,0
59,111,106,79,1,30,10,0,2,0,0,22,32,2,0,7,3,77,61,40,0,0,0,0,0,0
25,1,0,3,5,0,3,0,0,0,0,0,2,0,0,1,0,1,0,1,0,0,0,0,0,0
5,0,9,0,17,7,5,0,12,15,5,0,9,2,90,37,9,20,5,82,0,0,0,0,0,0
0,0,0,0,0,0,0,0,0,0,0,3,0,1,0,0,0,0,0,0,0,0,0,0,0,0
0,8,0,0,0,3,0,47,147,0,0,0,4,0,0,15,1,0,0,0,0,0,0,0,0,0
0,1,0,0,0,0,0,0,0,0,0,0,0,2,0,1,0,1,0,0,0,0,0,0,0,0
0,0,0,0,0,0,0,0,0,0,0,0,0,0,0,0,0,0,0,0,0,0,0,0,0,0
272,14,13,10,8,99,16,31,4,84,32,74,576,709,815,504,907,1225,722,603,0,0,0,0,0,0
13,10,7,6,6,99,12,28,0,20,4,6,4,9,28,169,205,43,59,31,0,0,0,0,0,0
259,4,6,4,2,0,4,3,4,64,28,68,2,0,76,142,28,20,118,7,0,0,0,0,0,0
0,0,0,0,0,0,0,0,0,0,0,0,0,0,0,0,0,0,0,0,0,0,0,0,0,0
0,0,0,0,0,0,0,0,0,0,0,0,0,0,0,0,0,0,0,0,0,0,0,0,0,0
0,0,0,0,0,0,0,0,0,0,0,0,570,700,711,193,674,1162,545,565,0,0,0,0,0,0
170,62,0,0,0,4,6,5,7,4,2,0,4,8,0,35,30,33,3,28,0,0,0,0,0,0
170,62,0,0,0,4,6,5,7,4,2,0,4,8,0,35,30,33,3,28,0,0,0,0,0,0
180,181,121,66,44,213,37,62,46,104,92,204,253,138,162,286,245,366,11,172,0,0,0,0,0,0
0,0,0,0,0,0,0,0,0,0,0,0,0,2,2,58,137,35,9,0,0,0,0,0,0,0
0,0,0,0,0,0,0,0,0,0,0,0,253,135,159,225,107,244,1,118,0,0,0,0,0,0
0,0,0,0,0,0,0,0,0,0,0,0,0,1,1,3,1,87,1,54,0,0,0,0,0,0
0,0,0,0,0,0,0,0,0,0,0,0,0,0,0,0,0,0,0,0,0,0,0,0,0,0
444,288,258,402,224,597,382,238,279,251,247,824,271,478,413,256,732,578,699,1440,0,0,0,0,0,0
4,1,44,0,46,109,138,19,0,0,0,3,0,18,62,9,3,6,90,111,0,0,0,0,0,0
4,1,44,0,3,0,1,1,0,0,0,3,0,0,5,1,3,5,1,111,0,0,0,0,0,0
0,0,0,0,0,0,0,0,0,0,0,0,0,18,57,6,0,0,4,0,0,0,0,0,0,0
0,0,0,0,0,0,0,0,0,0,0,0,0,0,0,2,0,0,0,0,0,0,0,0,0,0
0,0,0,0,0,0,0,0,0,0,0,0,0,0,0,0,0,1,85,0,0,0,0,0,0,0
18,32,1,4,2,22,7,0,35,97,0,6,1,68,1,20,85,40,1,194,0,0,0,0,0,0
8,0,0,0,0,2,0,0,27,83,0,0,0,1,0,15,85,27,1,186,0,0,0,0,0,0
10,0,0,4,2,20,6,0,0,1,0,6,1,0,1,0,0,1,0,6,0,0,0,0,0,0
0,0,1,0,0,0,1,0,8,13,0,0,0,42,0,5,0,0,0,1,0,0,0,0,0,0
0,0,0,0,0,0,0,0,0,0,0,0,0,25,0,0,0,12,0,0,0,0,0,0,0,0
0,32,0,0,0,0,0,0,0,0,0,0,0,0,0,0,0,0,0,0,0,0,0,0,0,0
0,0,0,0,0,0,0,0,0,0,0,0,0,0,0,0,0,0,0,1,0,0,0,0,0,0
19,36,35,129,0,195,104,62,5,38,114,85,12,126,107,70,348,34,20,126,0,0,0,0,0,0
19,33,35,129,0,119,0,1,5,16,15,72,12,113,0,4,288,7,2,126,0,0,0,0,0,0
0,0,0,0,0,0,0,0,0,0,0,0,0,0,0,0,0,0,16,0,0,0,0,0,0,0
0,0,0,0,0,76,104,0,0,22,99,13,0,13,107,64,5,1,0,0,0,0,0,0,0,0
0,3,0,0,0,0,0,61,0,0,0,0,0,0,0,2,55,26,2,0,0,0,0,0,0,0
170,164,6,8,162,76,4,129,24,3,119,679,203,210,153,38,85,139,108,236,0,0,0,0,0,0
3,6,4,2,159,27,2,19,7,2,64,379,203,73,34,4,2,102,95,21,0,0,0,0,0,0
0,0,0,0,0,0,0,0,0,0,0,0,0,0,0,0,1,0,0,0,0,0,0,0,0,0
0,0,0,0,0,0,0,0,16,0,0,0,0,0,0,0,0,0,0,0,0,0,0,0,0,0
6,10,2,6,3,1,2,2,0,1,55,1,0,4,92,7,18,4,1,183,0,0,0,0,0,0
0,2,0,0,0,1,0,0,1,0,0,0,0,0,0,1,0,0,0,0,0,0,0,0,0,0
161,146,0,0,0,47,0,108,0,0,0,299,0,133,27,26,64,33,12,32,0,0,0,0,0,0
233,55,172,261,14,195,129,28,215,113,14,51,55,56,90,119,211,359,480,773,0,0,0,0,0,0
192,3,76,95,1,128,0,3,133,100,2,29,40,41,0,2,31,1,0,75,0,0,0,0,0,0
10,23,88,3,9,15,8,7,11,6,4,17,11,12,44,5,3,7,8,16,0,0,0,0,0,0
0,24,0,145,0,33,100,13,60,3,2,0,0,1,35,107,0,37,217,50,0,0,0,0,0,0
31,5,8,18,4,19,21,5,10,3,4,5,4,2,11,5,3,15,3,8,0,0,0,0,0,0
0,0,0,0,0,0,0,0,1,1,2,0,0,0,0,0,113,181,244,594,0,0,0,0,0,0
0,0,0,0,0,0,0,0,0,0,0,0,0,0,0,0,61,118,8,30,0,0,0,0,0,0
136,288,430,350,535,393,287,550,549,668,566,734,1264,1254,888,722,509,290,1047,1316,0,0,0,0,0,0
136,3,136,0,0,0,0,7,4,13,0,115,312,575,83,225,120,122,246,1002,0,0,0,0,0,0
0,0,0,0,0,0,0,0,0,0,0,0,0,0,0,0,1,0,0,0,0,0,0,0,0,0
0,0,0,0,0,0,0,0,0,0,0,0,304,566,81,201,110,88,180,387,0,0,0,0,0,0
0,0,0,0,0,0,0,0,0,0,0,0,0,0,0,0,0,0,39,581,0,0,0,0,0,0
0,0,0,0,0,0,0,0,0,0,0,0,0,0,0,0,0,0,0,0,0,0,0,0,0,0
0,0,0,0,0,0,0,0,0,0,0,0,6,0,0,6,0,21,1,1,0,0,0,0,0,0
0,0,0,0,0,0,0,3,4,0,0,40,1,9,0,9,3,2,6,33,0,0,0,0,0,0
0,3,0,0,0,0,0,4,0,10,0,0,1,0,2,9,6,11,20,0,0,0,0,0,0,0
0,106,0,0,0,0,1,0,0,0,0,0,2,9,6,62,5,2,1,8,0,0,0,0,0,0
0,0,0,0,0,0,1,0,0,0,0,0,0,9,6,2,5,1,1,8,0,0,0,0,0,0
0,106,0,0,0,0,0,0,0,0,0,0,2,0,0,60,0,1,0,0,0,0,0,0,0,0
0,0,0,4,5,79,0,139,265,316,82,284,376,401,448,160,259,46,171,192,0,0,0,0,0,0
0,0,0,0,0,0,0,0,0,0,0,0,112,178,259,1,4,1,0,0,0,0,0,0,0,0
0,0,0,0,0,0,0,0,0,0,0,0,0,0,0,0,0,0,0,0,0,0,0,0,0,0
0,0,0,0,0,0,0,0,0,0,0,0,199,0,81,0,0,0,0,103,0,0,0,0,0,0
0,0,0,0,5,0,0,49,98,46,42,94,65,223,108,159,255,45,171,89,0,0,0,0,0,0
0,0,0,0,100,0,0,0,50,88,40,54,124,132,0,0,51,51,285,111,0,0,0,0,0,0
0,0,0,0,0,0,0,0,50,88,40,54,124,132,0,0,51,51,285,0,0,0,0,0,0,0
0,0,0,0,0,0,0,0,0,0,0,0,0,0,0,0,0,0,0,0,0,0,0,0,0,0
0,0,0,0,100,0,0,0,0,0,0,0,0,0,0,0,0,0,0,0,0,0,0,0,0,0
0,0,0,0,0,0,0,0,0,0,0,0,0,0,0,0,0,0,0,111,0,0,0,0,0,0
0,179,294,346,430,314,286,404,230,251,444,281,450,137,351,275,74,69,344,3,0,0,0,0,0,0
0,179,181,346,337,247,285,6,2,0,0,0,1,0,0,0,0,0,7,0,0,0,0,0,0,0
0,0,0,0,0,0,0,243,227,251,340,277,209,137,189,273,65,0,0,0,0,0,0,0,0,0
0,0,49,0,93,67,1,155,0,0,0,0,65,0,0,1,6,0,326,0,0,0,0,0,0,0
0,0,64,0,0,0,0,0,1,0,0,0,0,0,162,1,0,59,0,1,0,0,0,0,0,0
0,0,0,0,0,0,0,0,0,0,0,0,0,0,0,0,0,8,8,0,0,0,0,0,0,0
0,0,0,0,0,0,0,0,0,0,104,4,175,0,0,0,3,2,3,2,0,0,0,0,0,0
86,163,166,237,53,73,58,83,94,56,39,75,187,201,139,321,94,109,157,305,0,0,0,0,0,0
6,0,0,11,1,2,8,18,3,5,2,7,55,2,15,58,18,46,64,28,0,0,0,0,0,0
0,0,0,0,0,0,0,0,0,0,1,0,0,0,0,0,0,1,0,0,0,0,0,0,0,0
0,0,0,0,0,0,4,4,3,5,0,1,55,1,15,55,18,45,61,7,0,0,0,0,0,0
6,0,0,11,1,2,4,14,0,0,1,6,0,1,0,3,0,0,3,21,0,0,0,0,0,0
0,0,0,0,0,0,0,0,0,0,0,0,0,0,0,0,0,0,0,0,0,0,0,0,0,0
28,21,10,13,13,22,13,14,20,18,18,42,25,18,23,26,9,13,32,52,0,0,0,0,0,0
28,21,10,13,13,22,13,14,20,18,18,42,25,18,23,26,9,13,32,52,0,0,0,0,0,0
19,122,137,46,21,25,12,18,34,19,13,8,37,41,23,28,53,11,22,28,0,0,0,0,0,0
19,77,65,45,18,17,9,14,23,18,11,6,6,27,17,21,46,7,11,16,0,0,0,0,0,0
0,45,72,1,3,8,3,4,11,1,2,2,31,14,6,7,7,4,11,12,0,0,0,0,0,0
0,0,0,0,0,0,0,0,0,0,0,0,0,0,0,0,0,0,0,0,0,0,0,0,0,0
5,8,5,163,12,14,14,10,9,1,2,12,58,136,70,209,5,28,24,185,0,0,0,0,0,0
3,7,3,160,12,13,9,7,7,1,2,12,57,129,67,123,3,28,21,182,0,0,0,0,0,0
2,1,2,3,0,1,5,3,2,0,0,0,1,7,3,86,2,0,3,3,0,0,0,0,0,0
0,0,0,0,0,0,0,0,0,0,0,0,0,0,0,0,0,0,0,0,0,0,0,0,0,0
28,12,14,4,6,10,11,23,28,13,4,6,12,4,8,0,9,11,15,12,0,0,0,0,0,0
28,12,14,4,6,10,11,21,11,5,2,6,10,4,5,0,9,11,15,12,0,0,0,0,0,0
0,0,0,0,0,0,0,2,17,8,2,0,2,0,3,0,0,0,0,0,0,0,0,0,0,0
933,955,761,1229,1065,558,417,699,710,598,667,823,674,719,525,588,295,699,688,371,0,0,0,0,0,0
575,431,521,431,545,458,266,474,592,327,238,479,421,319,203,287,77,96,127,27,0,0,0,0,0,0
0,0,0,0,0,137,37,96,39,101,0,0,84,0,0,2,9,2,4,4,0,0,0,0,0,0
564,275,153,381,360,247,213,368,553,226,37,308,225,88,71,168,0,88,88,0,0,0,0,0,0,0
0,0,114,0,0,0,0,0,0,0,104,88,69,0,0,0,0,0,0,0,0,0,0,0,0,0
0,142,238,49,185,74,0,0,0,0,96,82,17,184,132,77,60,0,31,22,0,0,0,0,0,0
0,14,0,1,0,0,16,10,0,0,1,1,26,47,0,40,7,6,4,1,0,0,0,0,0,0
11,0,16,0,0,0,0,0,0,0,0,0,0,0,0,0,1,0,0,0,0,0,0,0,0,0
2,0,1,3,1,3,12,4,2,48,0,1,0,3,0,94,0,1,86,171,0,0,0,0,0,0
2,0,1,3,1,3,12,4,2,48,0,1,0,3,0,94,0,1,86,171,0,0,0,0,0,0
198,262,102,677,463,42,95,154,73,177,252,235,144,148,63,59,92,21,168,52,0,0,0,0,0,0
155,196,26,250,1,0,0,0,0,1,2,1,0,0,1,0,1,2,3,5,0,0,0,0,0,0
5,10,32,30,6,12,31,6,7,5,237,163,127,129,15,11,26,2,97,11,0,0,0,0,0,0
0,0,0,0,0,0,0,0,0,0,0,0,0,0,0,0,0,0,0,0,0,0,0,0,0,0
4,3,1,376,332,2,0,0,1,1,1,1,0,0,0,2,1,4,0,0,0,0,0,0,0,0
34,38,25,18,50,26,28,17,31,32,9,18,10,16,42,27,60,10,13,22,0,0,0,0,0,0
0,15,18,3,74,2,36,131,34,138,3,52,7,3,5,19,4,3,55,14,0,0,0,0,0,0
34,28,16,11,12,8,13,13,16,27,10,14,4,40,64,22,9,134,134,47,0,0,0,0,0,0
6,7,8,1,3,2,2,3,11,23,6,11,4,35,53,19,7,132,126,38,0,0,0,0,0,0
28,21,8,10,9,6,11,10,5,4,4,3,0,5,11,3,2,2,8,9,0,0,0,0,0,0
124,211,50,106,44,47,29,40,27,19,167,74,104,208,195,126,113,177,163,74,0,0,0,0,0,0
85,181,16,18,16,16,8,22,19,6,11,28,38,15,14,4,60,98,15,5,0,0,0,0,0,0
15,20,25,81,17,19,21,12,5,8,10,14,23,14,26,19,10,13,22,26,0,0,0,0,0,0
24,10,9,7,11,12,0,6,3,4,2,3,6,12,3,9,3,9,3,3,0,0,0,0,0,0
0,0,0,0,0,0,0,0,0,1,144,29,0,0,0,0,0,0,0,0,0,0,0,0,0,0
0,0,0,0,0,0,0,0,0,0,0,0,37,167,152,94,40,57,123,40,0,0,0,0,0,0
0,23,71,1,0,0,2,14,0,0,0,20,1,1,0,0,4,270,10,0,0,0,0,0,0,0
0,23,71,1,0,0,2,14,0,0,0,20,1,1,0,0,4,270,10,0,0,0,0,0,0,0
550,834,342,187,139,48,53,303,146,192,164,77,491,182,40,316,868,549,879,1307,0,0,0,0,0,0
0,8,10,1,16,0,5,0,0,1,0,4,3,4,0,3,1,9,1,3,0,0,0,0,0,0
0,0,0,0,0,0,0,0,0,0,0,0,0,0,0,0,0,0,0,0,0,0,0,0,0,0
0,8,10,1,16,0,5,0,0,1,0,4,3,4,0,3,1,9,1,3,0,0,0,0,0,0
460,765,176,83,99,3,23,180,124,89,106,36,401,164,23,155,80,258,131,869,0,0,0,0,0,0
4,28,3,6,53,1,0,29,0,0,58,1,176,0,4,0,2,220,0,130,0,0,0,0,0,0
0,0,66,0,0,0,0,0,0,0,0,0,0,0,0,0,0,2,90,250,0,0,0,0,0,0
0,0,0,0,0,0,0,0,0,0,0,0,183,162,0,67,0,0,0,178,0,0,0,0,0,0
443,734,103,71,45,0,0,148,124,88,45,33,40,0,18,88,73,35,37,306,0,0,0,0,0,0
13,3,4,6,1,2,23,3,0,1,3,2,2,2,1,0,5,1,4,5,0,0,0,0,0,0
90,61,156,103,24,45,25,123,22,102,58,37,87,14,17,158,787,282,747,435,0,0,0,0,0,0
0,0,0,0,0,0,0,0,0,0,0,0,0,0,0,0,0,0,0,0,0,0,0,0,0,0
60,11,121,80,14,7,6,78,3,90,44,21,75,2,7,64,496,182,94,229,0,0,0,0,0,0
11,32,23,7,3,34,14,40,15,9,10,10,8,6,10,5,11,14,9,8,0,0,0,0,0,0
0,0,0,0,0,0,0,0,0,0,0,0,0,0,0,85,275,78,256,136,0,0,0,0,0,0
3,3,2,9,3,2,2,2,2,2,0,4,1,4,0,2,1,5,356,57,0,0,0,0,0,0
16,15,10,7,4,2,3,3,2,1,4,2,3,2,0,2,4,3,2,5,0,0,0,0,0,0
0,0,0,0,0,0,0,0,0,0,0,0,0,0,0,0,0,0,0,0,0,0,0,0,0,0
0,0,0,0,0,0,0,0,0,0,0,0,0,0,0,0,0,0,30,0,0,0,0,0,0,0
0,0,0,0,0,0,0,0,0,0,0,0,0,0,0,0,0,0,0,0,0,0,0,0,0,0
1976,1522,875,1015,1042,668,909,802,397,259,221,809,784,551,570,875,684,877,509,863,0,0,0,0,0,0
495,105,126,224,24,57,125,28,96,22,20,329,19,85,18,174,23,34,33,39,0,0,0,0,0,0
47,25,19,12,13,34,17,20,23,12,12,17,7,10,18,86,10,19,20,20,0,0,0,0,0,0
184,0,75,204,0,12,92,0,0,0,0,0,0,66,0,0,0,1,0,2,0,0,0,0,0,0
142,1,0,0,0,0,4,0,0,0,1,305,2,0,0,0,7,2,0,5,0,0,0,0,0,0
8,13,9,7,11,11,12,8,4,10,7,7,10,9,0,9,6,11,13,12,0,0,0,0,0,0
0,0,0,0,0,0,0,0,0,0,0,0,0,0,0,0,0,0,0,0,0,0,0,0,0,0
114,66,23,1,0,0,0,0,69,0,0,0,0,0,0,79,0,1,0,0,0,0,0,0,0,0
110,111,10,46,29,12,2,50,77,146,100,161,250,69,335,51,182,39,120,97,0,0,0,0,0,0
110,111,10,46,29,12,2,50,77,146,100,161,250,69,335,51,182,39,120,97,0,0,0,0,0,0
223,493,129,149,194,54,163,85,8,17,73,145,58,100,119,189,218,295,246,491,0,0,0,0,0,0
31,5,38,13,80,19,79,2,3,2,3,8,55,2,4,69,161,83,9,92,0,0,0,0,0,0
12,7,33,5,23,1,12,5,4,5,3,0,2,89,17,0,7,4,34,6,0,0,0,0,0,0
18,138,0,4,1,5,53,78,1,9,67,137,1,9,5,53,35,87,40,340,0,0,0,0,0,0
162,343,58,127,90,29,19,0,0,1,0,0,0,0,93,67,15,29,0,42,0,0,0,0,0,0
0,0,0,0,0,0,0,0,0,0,0,0,0,0,0,0,0,92,163,11,0,0,0,0,0,0
1148,813,610,596,795,545,619,639,216,74,28,174,457,297,98,461,261,509,110,236,0,0,0,0,0,0
586,114,211,84,264,180,67,183,2,18,27,0,76,67,41,93,49,61,65,173,0,0,0,0,0,0
0,0,0,0,0,0,0,0,0,0,0,0,0,0,0,0,0,0,0,0,0,0,0,0,0,0
0,0,0,0,0,0,0,0,0,0,0,0,0,0,0,0,0,0,0,0,0,0,0,0,0,0
14,2,1,3,42,22,2,0,58,0,1,20,38,7,0,71,5,45,0,1,0,0,0,0,0,0
204,68,0,0,0,0,0,0,0,0,0,0,0,0,0,0,2,2,0,1,0,0,0,0,0,0
129,230,263,504,478,343,549,455,154,53,0,137,342,218,52,168,121,115,44,59,0,0,0,0,0,0
215,399,135,5,11,0,1,1,2,2,0,17,1,5,5,129,84,286,1,2,0,0,0,0,0,0
0,0,0,0,0,0,0,0,0,1,0,0,0,0,0,0,0,0,0,0,0,0,0,0,0,0
0,0,0,0,0,0,0,0,0,0,0,0,0,0,0,0,0,0,0,0,0,0,0,0,0,0
0,0,0,0,0,0,0,0,0,9,7,8,5,2,3,0,3,1,2,0,0,0,0,0,0,0
0,0,0,0,0,0,0,0,0,9,7,8,5,2,3,0,3,1,2,0,0,0,0,0,0,0
0,0,0,0,0,0,0,0,0,3,0,1,2,1,0,0,0,0,0,0,0,0,0,0,0,0
0,0,0,0,0,0,0,0,0,1,0,0,0,0,0,0,0,0,0,0,0,0,0,0,0,0
0,0,0,0,0,0,0,0,0,1,0,0,0,0,1,0,1,0,0,0,0,0,0,0,0,0
0,0,0,0,0,0,0,0,0,4,6,3,2,1,1,0,2,1,2,0,0,0,0,0,0,0
0,0,0,0,0,0,0,0,0,0,1,4,1,0,1,0,0,0,0,0,0,0,0,0,0,0
999,909,987,868,1211,893,801,575,391,383,344,534,449,893,516,596,662,710,457,455,387,1115,0,0,0,0
543,377,624,516,631,526,648,339,108,168,69,131,342,694,358,298,438,359,192,347,275,872,0,0,0,0
100,31,1,5,53,0,0,0,20,0,0,7,67,230,1,0,52,82,0,0,20,73,0,0,0,0
62,104,264,424,521,385,526,285,48,104,32,78,53,276,206,1,68,35,45,27,68,33,0,0,0,0
43,0,1,1,4,2,20,19,16,18,11,5,205,69,42,182,38,64,1,98,74,80,0,0,0,0
155,208,27,29,25,35,5,7,7,21,4,12,8,2,3,14,1,5,6,46,2,3,0,0,0,0
19,8,7,8,9,4,17,9,9,12,14,14,1,5,2,16,5,14,4,4,1,1,0,0,0,0
0,0,9,31,3,1,0,0,1,3,2,2,2,0,91,68,88,153,75,167,81,102,0,0,0,0
9,20,22,18,16,16,12,17,5,11,5,8,6,4,9,14,186,6,61,4,27,19,0,0,0,0
155,6,293,0,0,83,68,2,2,1,1,5,0,108,4,3,0,0,0,1,2,561,0,0,0,0
20,4,5,1,13,0,0,0,0,0,0,0,0,0,0,0,0,0,0,0,0,0,0,0,0,0
0,0,0,0,2,0,0,0,0,0,0,0,0,0,0,0,0,0,0,0,0,0,0,0,0,0
20,4,5,1,11,0,0,0,0,0,0,0,0,0,0,0,0,0,0,0,0,0,0,0,0,0
338,371,262,34,156,245,60,132,96,18,150,198,16,89,22,177,55,187,193,37,68,199,0,0,0,0
248,174,160,10,19,212,9,55,12,11,79,12,4,78,11,94,51,96,184,35,3,10,0,0,0,0
44,81,69,4,107,33,51,77,83,6,35,5,7,3,5,4,1,87,6,2,65,188,0,0,0,0
46,116,33,20,30,0,0,0,1,1,36,181,5,8,6,79,3,4,3,0,0,1,0,0,0,0
71,58,50,76,81,72,44,53,85,109,103,93,73,87,125,107,146,122,62,63,39,26,0,0,0,0
23,14,12,8,47,17,14,24,23,30,22,67,54,55,53,72,86,19,50,32,21,10,0,0,0,0
22,4,0,0,0,7,0,0,0,0,0,0,0,0,42,1,47,88,0,0,0,0,0,0,0,0
26,40,38,68,34,48,30,29,62,79,81,26,19,32,30,34,13,15,12,31,18,16,0,0,0,0
25,66,27,45,160,36,44,32,102,21,16,27,18,23,11,11,22,41,10,8,4,4,0,0,0,0
8,16,9,4,29,6,36,23,19,11,3,4,12,4,7,6,16,39,5,2,0,1,0,0,0,0
17,50,18,41,131,30,8,9,83,10,13,23,6,19,4,5,6,2,5,6,4,3,0,0,0,0
2,33,19,196,170,14,5,19,0,67,6,85,0,0,0,3,1,1,0,0,1,14,0,0,0,0
2,33,19,196,170,14,5,19,0,67,6,85,0,0,0,3,1,1,0,0,1,14,0,0,0,0
73,142,138,151,81,185,55,121,386,171,248,187,86,199,107,115,347,356,378,441,698,746,0,0,0,0
28,51,61,40,18,38,23,8,206,106,161,115,11,134,54,29,304,260,331,409,653,402,0,0,0,0
0,0,0,0,0,0,0,0,0,0,1,0,0,0,34,0,200,138,154,168,141,0,0,0,0,0
4,5,0,0,0,0,0,0,0,8,0,1,0,59,0,1,1,0,2,0,0,132,0,0,0,0
0,0,0,0,0,0,0,0,0,0,0,0,2,0,0,0,3,0,40,0,0,0,0,0,0,0
1,1,27,6,10,22,10,1,187,91,89,106,0,69,5,28,89,115,131,133,495,263,0,0,0,0
23,45,34,34,8,16,13,7,19,9,72,8,9,6,16,2,11,7,4,108,17,7,0,0,0,0
0,0,0,15,0,76,0,86,144,0,15,0,0,0,0,52,0,28,0,0,0,262,0,0,0,0
0,0,0,15,0,76,0,86,144,0,15,0,0,0,0,52,0,28,0,0,0,262,0,0,0,0
8,24,15,44,10,4,5,4,19,4,23,13,52,39,24,8,15,36,6,4,10,17,0,0,0,0
7,15,12,38,5,0,3,3,7,4,9,7,5,5,15,6,15,36,3,4,8,7,0,0,0,0
1,9,3,6,5,4,2,1,12,0,14,6,47,34,9,2,0,0,3,0,2,10,0,0,0,0
37,67,62,52,53,62,22,11,3,55,39,52,17,20,24,19,28,29,33,25,25,61,0,0,0,0
7,13,46,36,39,34,6,1,1,44,20,35,10,19,4,15,25,15,21,6,12,4,0,0,0,0
30,54,16,16,14,28,16,10,2,11,19,17,7,1,20,4,3,14,12,19,13,57,0,0,0,0
0,0,0,0,0,5,5,12,14,7,10,7,7,6,5,7,0,3,8,3,10,4,0,0,0,0
0,0,0,0,0,3,0,1,0,1,1,4,0,1,0,0,0,0,0,1,0,0,0,0,0,0
0,0,0,0,0,2,5,11,14,6,9,3,7,5,5,7,0,3,8,2,10,4,0,0,0,0
251,312,199,159,362,476,728,619,454,114,205,187,79,346,716,822,445,678,508,498,723,733,0,0,0,0
233,220,187,119,297,352,615,424,413,29,149,131,55,128,343,48,315,322,233,126,322,249,0,0,0,0
59,92,8,0,119,0,5,0,0,2,1,7,4,0,1,0,0,5,0,2,8,0,0,0,0,0
130,70,152,58,9,3,3,2,0,13,1,2,5,0,0,0,3,144,24,34,15,199,0,0,0,0
12,10,6,12,2,1,3,6,221,13,6,0,1,116,332,47,300,173,207,0,81,43,0,0,0,0
0,0,0,0,147,343,603,399,182,0,137,121,45,0,0,0,0,0,0,78,210,0,0,0,0,0
32,48,21,49,20,5,1,17,10,1,4,1,0,12,10,1,12,0,2,12,8,7,0,0,0,0
0,0,0,0,0,0,0,0,0,0,0,0,0,0,0,0,0,0,0,0,0,0,0,0,0,0
11,89,8,33,52,119,109,190,38,81,53,55,19,56,139,78,19,231,97,11,243,130,0,0,0,0
0,78,8,13,11,25,14,54,23,35,15,8,5,8,10,12,7,25,8,5,11,121,0,0,0,0
11,11,0,20,32,45,67,120,15,46,38,46,14,10,9,15,9,99,6,6,0,5,0,0,0,0
0,0,0,0,9,49,28,16,0,0,0,1,0,38,120,51,3,107,83,0,232,4,0,0,0,0
7,3,4,7,13,5,4,5,3,4,3,1,5,162,234,696,111,125,178,361,158,354,0,0,0,0
7,3,4,7,13,5,4,5,3,1,3,1,5,1,3,0,5,23,8,1,4,99,0,0,0,0
0,0,0,0,0,0,0,0,0,3,0,0,0,161,231,696,106,102,170,360,154,255,0,0,0,0
455,369,615,404,413,207,352,479,687,280,286,329,267,483,412,325,563,358,258,341,503,664,0,0,0,0
205,129,363,96,182,33,58,136,289,166,109,77,53,8,2,69,326,267,26,47,55,278,0,0,0,0
53,2,0,0,6,4,30,70,252,140,1,0,0,0,0,4,278,156,0,0,0,0,0,0,0,0
0,0,8,11,7,0,0,18,13,4,2,63,1,0,0,4,5,0,1,1,1,0,0,0,0,0
57,100,271,50,39,0,0,0,0,8,82,0,45,0,0,59,2,3,0,0,1,241,0,0,0,0
84,6,65,4,117,1,1,6,15,1,0,2,2,0,2,0,0,6,0,0,51,3,0,0,0,0
11,21,19,31,13,28,27,42,9,13,24,12,5,8,0,2,41,103,25,46,2,34,0,0,0,0
17,20,22,55,25,30,132,221,331,27,119,138,172,438,355,206,148,46,151,266,368,311,0,0,0,0
10,9,11,41,18,16,15,19,14,12,20,22,11,79,12,8,32,13,10,8,32,44,0,0,0,0
3,8,3,3,1,4,9,4,1,0,12,44,50,122,104,70,40,5,38,1,2,3,0,0,0,0
4,3,8,11,6,10,108,198,316,15,87,72,111,237,239,128,76,28,103,257,334,264,0,0,0,0
133,169,185,219,177,130,134,94,45,74,48,100,26,26,28,31,80,34,45,21,51,62,0,0,0,0
14,32,43,62,9,38,26,15,6,9,10,20,1,5,6,2,9,0,3,2,4,9,0,0,0,0
6,15,21,18,23,17,17,15,12,22,11,38,8,6,2,1,9,23,6,8,10,26,0,0,0,0
88,49,58,36,51,36,57,51,8,17,11,4,3,2,1,4,12,5,8,1,20,8,0,0,0,0
25,73,63,103,94,39,34,13,19,26,16,38,14,13,19,24,50,8,28,10,17,19,0,0,0,0
92,50,36,30,23,11,18,24,12,7,7,9,9,6,24,13,9,7,29,3,21,12,0,0,0,0
62,20,32,19,7,2,2,8,7,0,1,0,2,3,3,4,3,1,4,0,11,1,0,0,0,0
16,6,1,5,7,1,0,10,1,1,0,1,0,0,15,6,0,0,1,1,2,0,0,0,0,0
14,24,3,6,9,8,16,6,4,6,6,8,7,3,6,3,6,6,24,2,8,11,0,0,0,0
8,1,9,4,6,3,10,4,10,6,3,5,7,5,3,6,0,4,7,4,8,1,0,0,0,0
8,1,8,4,6,3,10,4,10,6,3,5,7,5,3,6,0,4,7,4,8,1,0,0,0,0
0,0,1,0,0,0,0,0,0,0,0,0,0,0,0,0,0,0,0,0,0,0,0,0,0,0
15,15,17,57,163,149,66,134,61,362,40,109,66,91,63,195,148,90,265,331,212,223,0,0,0,0
7,5,8,42,135,7,22,12,11,309,14,10,10,49,37,38,87,63,250,118,133,117,0,0,0,0
2,4,4,40,129,6,19,7,9,307,8,7,3,49,36,33,87,63,248,118,131,115,0,0,0,0
5,1,4,2,6,1,3,5,2,2,6,3,7,0,1,5,0,0,2,0,2,2,0,0,0,0
8,10,9,15,28,142,44,122,50,53,26,99,56,42,26,157,61,27,15,213,79,106,0,0,0,0
8,9,9,9,12,4,5,9,7,13,7,81,9,6,7,57,27,24,15,208,75,75,0,0,0,0
0,1,0,6,16,138,39,113,43,40,19,18,47,36,19,100,34,3,0,5,4,31,0,0,0,0
153,123,432,479,350,617,605,382,486,472,588,220,227,307,702,445,344,103,196,344,545,567,0,0,0,0
103,25,247,230,178,311,427,224,330,351,445,151,148,170,577,284,217,53,121,46,317,413,0,0,0,0
0,0,4,0,0,0,0,0,45,169,234,79,71,61,112,83,26,0,0,0,96,0,0,0,0,0
11,8,124,74,19,8,4,54,43,30,114,10,5,54,30,1,0,13,0,13,29,86,0,0,0,0
70,3,83,118,135,93,151,64,32,7,1,4,53,8,326,183,91,10,77,6,81,231,0,0,0,0
0,3,8,2,1,24,26,37,113,13,8,50,18,40,83,8,94,6,38,18,11,6,0,0,0,0
22,11,28,36,23,9,38,11,19,34,4,8,0,5,22,8,4,0,6,9,1,4,0,0,0,0
0,0,0,0,0,177,208,58,78,98,84,0,1,2,4,1,2,24,0,0,99,86,0,0,0,0
22,30,72,89,54,130,71,78,73,33,31,11,38,25,36,6,25,2,4,26,52,6,0,0,0,0
22,27,69,82,50,36,35,9,26,23,7,6,35,3,5,3,24,2,0,25,3,5,0,0,0,0
0,3,3,7,4,94,36,69,47,10,24,5,3,22,31,3,1,0,4,1,49,1,0,0,0,0
20,62,92,149,103,157,95,66,72,76,97,50,28,101,89,148,95,44,66,253,169,122,0,0,0,0
1,0,1,0,0,0,0,0,0,22,65,8,18,0,0,20,0,0,4,0,0,0,0,0,0,0
18,59,13,136,69,45,56,35,50,10,12,4,4,51,1,37,11,6,28,235,162,88,0,0,0,0
0,0,1,3,0,0,0,0,1,1,3,0,0,1,0,0,1,0,0,1,1,0,0,0,0,0
0,2,74,9,33,111,36,31,21,38,14,36,5,47,98,87,80,34,34,16,5,34,0,0,0,0
1,1,3,1,1,1,3,0,0,5,3,2,1,2,2,4,3,4,0,1,1,0,0,0,0,0
8,6,21,11,15,19,12,14,11,12,15,8,13,11,0,7,7,4,5,19,7,26,0,0,0,0
0,0,0,1,3,0,0,0,0,0,0,0,0,0,0,0,0,0,0,0,0,0,0,0,0,0
5,3,14,9,6,7,7,5,3,7,4,2,8,4,1,2,2,4,4,17,4,24,0,0,0,0
3,3,7,1,6,12,3,8,8,5,10,5,5,5,0,4,5,0,2,1,3,2,0,0,0,0
0,0,0,0,0,0,2,1,0,0,1,1,0,2,0,1,0,0,0,1,0,0,0,0,0,0
0,0,0,0,0,0,0,0,0,0,0,0,0,0,0,0,0,0,0,0,0,0,0,0,0,0
55,118,244,135,173,63,119,341,137,69,143,157,76,72,51,66,36,21,44,43,93,125,0,0,0,0
45,93,219,115,134,39,97,307,85,43,126,124,22,27,38,50,30,14,35,37,46,121,0,0,0,0
2,4,4,1,1,3,2,3,4,0,3,0,2,1,1,3,3,1,3,0,1,3,0,0,0,0
3,1,18,5,4,5,3,1,3,1,0,1,1,2,3,0,2,1,1,0,0,0,0,0,0,0
1,3,4,45,1,4,25,272,58,1,22,24,3,2,4,4,1,0,3,0,1,1,0,0,0,0
4,4,9,15,19,8,8,22,12,29,6,7,9,9,18,36,17,10,22,32,43,114,0,0,0,0
35,81,184,49,109,19,59,9,8,12,95,92,7,13,12,7,7,3,6,5,1,3,0,0,0,0
10,25,25,20,39,24,22,34,52,26,17,33,54,45,13,16,6,7,9,6,47,4,0,0,0,0
6,13,15,10,21,9,13,12,45,17,11,16,41,36,7,5,1,1,0,0,42,3,0,0,0,0
0,1,0,0,0,0,0,0,0,0,1,1,0,0,0,0,0,2,0,1,0,0,0,0,0,0
3,9,9,10,18,14,8,19,6,8,2,15,13,9,5,11,5,4,10,5,4,1,0,0,0,0
1,2,0,0,0,0,1,2,1,1,0,1,0,0,1,0,0,0,0,0,1,0,0,0,0,0
0,0,1,0,0,1,0,1,0,0,3,0,0,0,0,0,0,0,0,0,0,0,0,0,0,0
313,172,201,303,160,239,276,242,263,224,123,503,125,176,636,633,594,836,736,1434,0,0,0,0,0,0
4,2,3,18,31,6,3,7,1,1,1,2,0,1,0,0,0,0,1,3,0,0,0,0,0,0
2,2,1,10,3,2,9,6,6,3,4,2,6,4,1,148,14,7,11,11,0,0,0,0,0,0
2,0,0,37,93,42,129,1,9,6,1,4,0,79,194,189,48,142,24,36,0,0,0,0,0,0
14,19,7,9,5,17,12,7,5,21,78,3,5,6,6,31,16,12,6,23,0,0,0,0,0,0
2,0,2,6,2,2,3,2,2,2,1,28,2,1,0,1,10,0,20,0,0,0,0,0,0,0
88,70,97,191,0,139,81,70,171,183,0,123,62,59,191,60,246,278,161,199,0,0,0,0,0,0
165,32,68,5,2,4,23,0,65,0,0,1,1,19,224,180,218,23,196,442,0,0,0,0,0,0
7,8,12,8,2,8,9,114,3,0,4,316,4,0,10,15,0,333,307,701,0,0,0,0,0,0
12,28,2,10,11,5,0,28,1,2,32,22,44,3,4,4,29,31,4,13,0,0,0,0,0,0
13,9,3,3,2,8,6,2,0,6,2,2,1,3,6,4,10,10,5,6,0,0,0,0,0,0
4,2,6,6,9,6,1,5,0,0,0,0,0,1,0,1,3,0,1,0,0,0,0,0,0,0
58,45,61,77,46,52,107,80,70,46,36,133,95,143,89,824,1068,543,1124,1300,0,0,0,0,0,0
0,1,3,0,0,0,0,0,0,0,4,0,0,0,0,0,0,0,0,0,0,0,0,0,0,0
1,0,3,1,2,3,0,0,1,0,2,2,0,1,0,0,484,72,192,247,0,0,0,0,0,0
17,19,27,58,23,21,71,56,49,36,18,113,78,107,73,818,574,447,907,1028,0,0,0,0,0,0
11,7,12,4,16,18,21,14,2,2,7,11,5,27,6,1,3,20,20,16,0,0,0,0,0,0
1,2,1,0,0,1,0,0,1,0,0,0,3,0,0,0,0,0,0,0,0,0,0,0,0,0
3,6,2,2,0,2,1,4,4,4,2,1,1,1,1,1,0,0,1,1,0,0,0,0,0,0
5,1,3,2,2,2,3,1,1,0,1,2,2,2,1,0,1,1,0,0,0,0,0,0,0,0
5,4,4,4,1,1,5,3,6,2,1,1,3,3,2,3,3,3,3,2,0,0,0,0,0,0
11,2,5,2,1,3,4,2,4,2,1,1,1,1,3,1,0,0,1,3,0,0,0,0,0,0
4,3,1,4,1,1,2,0,2,0,0,2,2,1,3,0,3,0,0,3,0,0,0,0,0,0
186,416,360,724,1032,723,378,375,599,259,452,617,143,322,149,79,48,89,213,360,0,0,0,0,0,0
53,58,90,85,116,103,102,97,28,10,14,5,10,12,17,13,14,77,26,66,0,0,0,0,0,0
0,1,0,2,0,2,0,0,0,1,0,1,0,0,0,0,0,0,0,0,0,0,0,0,0,0
3,0,4,23,142,308,228,150,383,141,63,73,58,3,2,0,0,2,0,4,0,0,0,0,0,0
130,357,266,614,774,310,48,128,188,107,375,235,75,307,130,66,34,10,49,46,0,0,0,0,0,0
0,0,0,0,0,0,0,0,0,0,0,303,0,0,0,0,0,0,138,244,0,0,0,0,0,0
0,0,0,0,0,0,0,0,0,0,0,0,0,0,0,0,0,0,0,0,0,0,0,0,0,0
296,166,419,251,220,214,177,133,117,164,423,353,468,564,502,915,441,854,1187,1061,0,0,0,0,0,0
21,50,10,7,47,60,55,8,10,3,219,111,81,225,31,44,33,152,13,74,0,0,0,0,0,0
156,56,0,100,55,78,52,0,0,48,0,0,68,127,130,208,83,267,451,501,0,0,0,0,0,0
1,16,149,0,2,0,0,0,70,30,45,39,3,39,37,312,69,0,105,90,0,0,0,0,0,0
50,7,53,113,3,38,8,63,1,51,87,100,110,71,12,67,155,270,424,173,0,0,0,0,0,0
19,8,6,3,7,9,10,2,7,13,2,6,14,6,6,7,4,4,15,16,0,0,0,0,0,0
10,10,14,3,45,5,4,36,5,9,4,41,168,36,256,88,85,54,12,50,0,0,0,0,0,0
2,0,107,6,3,5,1,0,4,1,40,1,0,0,0,0,0,12,0,0,0,0,0,0,0,0
16,16,22,17,24,11,19,21,12,5,13,6,12,11,15,4,6,9,23,5,0,0,0,0,0,0
14,3,56,2,33,5,25,1,7,2,13,49,12,49,15,185,5,86,143,152,0,0,0,0,0,0
7,0,2,0,1,3,3,2,1,2,0,0,0,0,0,0,1,0,1,0,0,0,0,0,0,0
377,194,366,154,166,122,225,164,95,148,152,303,309,307,291,40,528,628,635,271,0,0,0,0,0,0
5,6,8,7,64,28,76,9,12,48,4,94,225,74,63,1,366,306,290,43,0,0,0,0,0,0
33,12,16,26,40,24,16,14,50,24,52,122,25,127,58,16,76,70,22,13,0,0,0,0,0,0
152,140,241,54,21,5,72,109,6,49,78,0,42,4,136,4,39,217,312,115,0,0,0,0,0,0
63,21,17,21,14,16,9,13,6,20,7,13,6,15,16,13,34,24,3,10,0,0,0,0,0,0
69,0,33,2,0,1,0,1,8,0,3,63,0,80,11,0,2,1,0,86,0,0,0,0,0,0
55,15,51,44,27,48,52,18,13,7,8,11,11,7,7,6,11,10,8,4,0,0,0,0,0,0
226,223,332,460,279,341,258,274,189,69,110,146,132,97,133,97,109,258,242,349,0,0,0,0,0,0
24,13,4,13,25,8,18,10,5,5,4,5,4,7,35,2,1,2,5,16,0,0,0,0,0,0
29,29,48,36,85,11,75,63,9,7,15,6,64,11,7,8,11,7,151,231,0,0,0,0,0,0
0,20,156,70,25,21,31,0,41,0,0,39,0,0,1,0,38,147,0,0,0,0,0,0,0,0
7,59,10,275,62,210,21,33,12,6,20,17,11,25,17,24,4,13,19,31,0,0,0,0,0,0
40,4,11,13,15,8,16,45,48,6,14,5,5,18,6,15,5,4,2,14,0,0,0,0,0,0
17,21,9,17,37,31,14,13,6,4,7,7,7,11,9,8,5,10,12,2,0,0,0,0,0,0
66,32,26,20,23,47,41,51,52,32,40,55,37,19,43,31,39,72,40,52,0,0,0,0,0,0
6,6,11,12,3,5,4,14,14,5,5,8,1,4,6,3,3,3,13,3,0,0,0,0,0,0
37,39,57,4,4,0,38,45,2,4,5,4,3,2,9,6,3,0,0,0,0,0,0,0,0,0
276,139,62,95,87,64,186,132,71,46,30,77,88,66,120,41,168,80,381,386,0,0,0,0,0,0
0,0,0,0,1,0,0,0,0,0,0,0,0,1,0,0,0,0,0,0,0,0,0,0,0,0
0,1,0,0,0,0,0,0,0,0,0,0,0,0,0,0,0,0,0,114,0,0,0,0,0,0
2,0,0,2,0,1,0,1,0,0,0,0,0,1,0,0,0,0,1,0,0,0,0,0,0,0
44,4,7,15,14,10,12,12,19,7,6,9,3,5,38,15,4,26,7,31,0,0,0,0,0,0
185,87,23,29,16,12,112,42,1,1,2,33,1,1,44,0,6,0,325,170,0,0,0,0,0,0
19,16,10,26,28,9,5,7,8,16,0,5,11,44,16,4,137,21,30,54,0,0,0,0,0,0
11,14,6,9,13,5,33,40,25,9,10,16,24,3,8,14,2,20,11,14,0,0,0,0,0,0
11,9,11,11,8,17,18,19,13,10,6,10,46,8,10,5,15,9,3,2,0,0,0,0,0,0
4,8,5,3,7,10,6,11,5,3,6,4,3,3,4,3,4,4,4,1,0,0,0,0,0,0
